{"cameraMode":{"drawMode":0,"name":"Shaded","section":"Shading Mode"},"sceneLighting":true,"audioPlay":false,"sceneViewState":{"showFog":true,"showMaterialUpdate":false,"showSkybox":true,"showFlares":true,"showImageEffects":true,"showParticleSystems":true},"in2DMode":false,"pivot":{"x":468.63385009765627,"y":9.867100715637207,"z":311.4698181152344},"rotation":{"x":0.07583867758512497,"y":0.27220913767814639,"z":-0.02151942253112793,"w":0.9590657353401184},"size":1.6791291236877442,"orthographic":false}